generation,seed_0,seed_1,seed_2,seed_3,seed_4,mean,std
0,218.03,189.58,295.64,264.69,262.61,246.11,37.56
1,276.58,203.30,282.23,270.87,270.25,260.65,29.00
2,267.41,221.74,281.68,248.17,270.98,258.00,21.12
3,254.72,191.46,272.91,249.73,254.83,244.73,27.78
4,326.69,185.54,246.63,281.57,293.12,266.71,47.97
5,309.49,219.00,343.76,239.48,244.64,271.27,47.26
6,361.24,183.38,272.31,242.40,273.98,266.66,57.54
7,318.01,198.14,326.94,227.22,256.63,265.39,50.23
8,310.42,240.83,296.37,242.71,269.77,272.02,27.94
9,325.87,320.14,311.61,246.82,260.60,293.01,32.70
10,316.48,222.50,362.72,215.81,300.47,283.60,56.49
11,288.98,271.05,309.37,243.53,273.81,277.35,21.71
12,282.08,198.63,315.76,267.80,311.24,275.10,42.21
13,301.16,196.17,408.08,254.21,322.12,296.35,70.69
14,289.48,231.71,339.93,245.49,284.11,278.14,37.96
15,341.18,265.41,309.74,252.29,287.96,291.32,31.72
16,329.34,243.60,342.64,266.81,324.21,301.32,38.83
17,292.25,239.56,382.59,258.57,342.39,303.07,52.92
18,289.29,249.03,300.38,274.84,344.43,291.59,31.52
19,304.10,254.62,310.05,237.31,319.47,285.11,32.80
20,299.43,248.86,350.75,247.49,276.46,284.60,38.25
21,309.07,268.42,356.73,267.97,310.56,302.55,32.87
22,312.31,228.13,311.26,278.31,291.93,284.39,30.86
23,315.25,222.70,377.41,306.31,366.23,317.58,54.92
24,310.11,249.92,362.76,323.98,300.26,309.41,36.56
25,352.63,232.74,322.77,279.03,299.56,297.35,40.54
26,329.57,247.62,418.57,245.60,364.86,321.24,67.21
27,316.75,229.89,374.19,237.33,322.41,296.11,54.87
28,300.99,219.93,344.70,266.09,357.22,297.79,50.61
29,354.41,221.30,371.83,284.55,375.01,321.42,59.81
30,336.85,248.50,372.67,267.83,324.27,310.03,45.64
31,376.22,218.83,370.01,281.71,365.68,322.49,62.32
32,295.04,234.44,338.88,259.69,354.80,296.57,45.61
33,323.33,254.09,365.95,276.29,388.78,321.69,51.17
34,343.23,223.64,332.66,296.19,342.62,307.67,45.39
35,333.14,244.06,359.78,306.94,312.93,311.37,38.39
36,420.89,233.15,436.99,264.68,332.80,337.70,81.32
37,381.77,277.10,388.41,303.30,350.40,340.20,43.59
38,298.05,287.25,339.91,286.16,373.51,316.98,34.39
39,382.13,241.22,369.38,318.47,373.86,337.01,52.84
40,352.15,221.85,358.01,300.22,333.60,313.17,49.91
41,351.50,278.48,386.66,304.89,350.09,334.32,38.13
42,350.77,237.77,386.93,324.15,324.88,324.90,49.21
43,310.03,260.15,363.34,325.85,369.79,325.83,39.76
44,414.65,319.65,337.09,320.05,340.36,346.36,35.19
45,331.17,232.85,446.31,321.59,359.87,338.36,68.67
46,387.85,237.10,338.43,337.92,392.78,338.82,55.97
47,453.61,250.71,335.97,358.87,410.22,361.88,68.98
48,399.58,252.52,390.64,345.54,327.03,343.06,52.76
49,333.34,297.82,352.75,363.24,390.11,347.45,30.85
50,385.14,240.54,394.43,361.90,366.91,349.78,55.89
51,398.40,264.38,391.90,354.66,376.55,357.18,48.78
52,352.56,249.20,445.29,384.59,437.62,373.85,71.10
53,336.22,238.61,399.37,343.15,386.80,340.83,56.60
54,355.60,247.23,382.20,388.74,398.32,354.42,55.44
55,399.83,252.16,357.34,387.62,418.47,363.09,58.92
56,348.52,294.78,401.94,414.65,413.24,374.63,46.68
57,392.66,281.17,395.38,369.86,426.33,373.08,49.34
58,388.86,247.63,347.05,371.93,392.03,349.50,53.38
59,395.90,250.76,369.99,376.93,347.25,348.17,51.13
60,386.53,255.36,377.19,370.90,381.68,354.33,49.75
61,361.65,257.50,395.95,377.30,461.63,370.81,66.10
62,360.07,262.87,378.60,377.59,432.33,362.29,55.31
63,351.15,280.47,345.23,374.86,379.22,346.19,35.38
64,335.69,296.87,341.90,410.69,378.63,352.76,38.88
65,389.11,319.28,418.08,388.89,388.10,380.69,32.75
66,409.42,298.90,357.28,406.53,355.69,365.56,40.53
67,383.28,272.78,364.82,383.54,332.80,347.44,41.66
68,391.69,299.65,383.81,382.66,373.99,366.36,33.82
69,406.98,337.28,326.66,409.75,394.03,374.94,35.64
70,348.73,258.98,366.44,429.66,382.28,357.22,56.01
71,428.91,306.42,377.59,420.52,326.07,371.90,49.06
72,399.35,273.31,426.61,409.14,389.97,379.68,54.55
73,405.02,332.40,385.35,367.72,428.36,383.77,32.68
74,455.92,315.63,419.67,461.97,398.57,410.35,52.80
75,368.09,271.41,413.97,418.78,384.65,371.38,53.37
76,381.64,285.10,366.17,465.54,404.93,380.67,58.54
77,357.40,259.04,386.15,392.44,437.77,366.56,59.61
78,380.98,311.36,388.95,403.31,385.55,374.03,32.21
79,369.74,280.21,404.40,422.62,387.56,372.91,49.56
80,431.53,274.02,411.48,418.26,381.60,383.38,57.08
81,403.52,311.16,356.57,398.00,371.23,368.09,33.27
82,416.71,326.10,465.22,449.49,400.29,411.56,48.53
83,399.15,280.67,364.79,373.39,353.19,354.24,39.77
84,391.47,344.86,402.26,409.43,389.14,387.43,22.52
85,409.73,265.75,386.18,430.56,444.06,387.26,63.83
86,461.62,290.43,383.83,425.40,385.97,389.45,57.18
87,438.52,294.09,401.10,449.72,409.56,398.60,55.24
88,368.99,301.49,416.14,466.08,367.36,384.01,54.92
89,399.82,281.55,409.81,435.61,355.40,376.44,54.05
90,470.51,334.12,367.71,459.54,419.99,410.38,52.46
91,465.55,266.00,423.71,450.78,406.30,402.47,71.28
92,410.88,324.16,399.59,442.93,440.42,403.60,43.09
93,468.41,285.32,367.23,434.68,450.80,401.29,67.35
94,458.15,306.16,418.89,450.23,407.77,408.24,54.38
95,454.05,324.19,396.20,428.02,444.49,409.39,46.92
96,379.55,328.91,433.38,454.37,391.77,397.60,43.77
97,417.84,285.28,462.56,449.68,437.38,410.55,64.35
98,439.00,293.00,405.06,417.29,457.12,402.29,57.50
99,428.53,306.99,420.36,461.90,421.92,407.94,52.68
